<?xml version="1.0" encoding="UTF-8"?>
<manifest identifier="com.learnshift.persona.v2" version="2.0"
          xmlns="http://www.imsproject.org/xsd/imscp_rootv1p1p2"
          xmlns:adlcp="http://www.adlnet.org/xsd/adlcp_rootv1p2"
          xmlns:xsi="http://www.w3.org/2001/XMLSchema-instance"
          xsi:schemaLocation="http://www.imsproject.org/xsd/imscp_rootv1p1p2 imscp_rootv1p1p2.xsd
                              http://www.imsglobal.org/xsd/imsmd_rootv1p2p1 imsmd_rootv1p2p1.xsd
                              http://www.adlnet.org/xsd/adlcp_rootv1p2 adlcp_rootv1p2.xsd">
  
  <metadata>
    <schema>ADL SCORM</schema>
    <schemaversion>1.2</schemaversion>
  </metadata>
  
  <organizations default="learn_shift_org">
    <organization identifier="learn_shift_org">
      <title>learn@shift Persona Generator</title>
      <item identifier="item_1" identifierref="resource_1">
        <title>Persona erstellen</title>
        <adlcp:masteryscore>0</adlcp:masteryscore>
      </item>
    </organization>
  </organizations>
  
  <resources>
    <resource identifier="resource_1" type="webcontent" adlcp:scormtype="sco" href="index.html">
      <file href="index.html"/>
      <file href="css/styles.css"/>
      <file href="js/app.js"/>
      <file href="js/pdf.js"/>
      <file href="images/avatars/woman-1.png"/>
      <file href="images/avatars/woman-2.png"/>
      <file href="images/avatars/woman-3.png"/>
      <file href="images/avatars/woman-4.png"/>
      <file href="images/avatars/woman-5.png"/>
      <file href="images/avatars/woman-6.png"/>
      <file href="images/avatars/man-1.png"/>
      <file href="images/avatars/man-2.png"/>
      <file href="images/avatars/man-3.png"/>
      <file href="images/avatars/man-4.png"/>
      <file href="images/avatars/man-5.png"/>
      <file href="images/avatars/man-6.png"/>
    </resource>
  </resources>
  
</manifest>
